{
  "options": {
    "width": 1920,
    "height": 1080,
    "name": "柱状图",
    "scaleMode": "origin",
    "backgroundColor": "#0B1427",
    "backgroundImage": "",
    "css": ""
  },
  "events": [],
  "functions": [],
  "components": [
    {
      "type": "62bd5820ea24a70e97a33ea8",
      "id": "UBKO-08U1-C9L4-6OJF-3OMB-3OFN",
      "config": {
        "left": 534,
        "top": 200,
        "width": 800,
        "height": 700,
        "index": 0,
        "name": "基础柱状图"
      },
      "options": {},
      "dataSource": {
        "type": "json",
        "options": {
          "json": "{\"xAxis\":[\"Mon\",\"Tue\",\"Wed\",\"Thu\",\"Fri\",\"Sat\",\"Sun\"],\"data\":[{\"name\":\"邮件营销\",\"data\":[120,132,101,134,90,230,210]},{\"name\":\"联盟广告\",\"data\":[220,182,191,234,290,330,310]},{\"name\":\"视频广告\",\"data\":[310,120,91,134,150,130,210]}]}"
        }
      }
    }
  ],
  "subCategory": "163859362352604",
  "componentName": "基础柱状图",
  "prodVer": "v1.0.3",
  "devVer": "V1.0.1",
  "id": "62bd5820ea24a70e97a33ea8",
  "category": "16385412150180",
  "devSubCategory": "163858927358702",
  "devCategory": "16385412150180",
  "devId": "61b0595c27668b16b44fd858",
  "demoVer": "V1.0.0",
  "demoId": "61e94c487e514658b2c9a481",
  "doma:dev:category": "16427348954130",
  "doma:dev:subCategory": "164299947517405",
  "doma:dev:ver": "V1.0.1",
  "doma:dev:id": "61ee40ce13069e675051751a"
}