{
  "options": {
    "width": 1920,
    "height": 1080,
    "name": "饼图",
    "scaleMode": "origin",
    "backgroundColor": "#0B1427",
    "backgroundImage": "",
    "css": ""
  },
  "events": [],
  "functions": [],
  "components": [
    {
      "type": "61aa27abd39bdf74f6d60100",
      "id": "UBKO-08U1-C9L4-6OJF-3OMB-3OFN",
      "config": {
        "left": 534,
        "top": 200,
        "width": 800,
        "height": 700,
        "name": "基础饼图",
        "index": 0
      },
      "options": {},
      "dataSource": {
        "type": "json",
        "options": {
          "json": "{\"data\":[{\"value\":500,\"name\":\"搜索引擎\"},{\"value\":250,\"name\":\"直接访问\"},{\"value\":125,\"name\":\"邮件营销\"},{\"value\":125,\"name\":\"联盟广告\"}]}"
        }
      }
    }
  ]
}