{
  "options": {
    "width": 1920,
    "height": 1080,
    "name": "趋势图",
    "scaleMode": "origin",
    "backgroundColor": "#0B1427",
    "backgroundImage": "",
    "css": ""
  },
  "events": [],
  "functions": [],
  "components": [
    {
      "type": "61aa27abd39bdf74f6d600b8",
      "id": "UBKO-08U1-C9L4-6OJF-3OMB-3OFN",
      "config": {
        "left": 534,
        "top": 200,
        "width": 1000,
        "height": 700,
        "index": 0,
        "name": "趋势图"
      },
      "options": {},
      "dataSource": {
        "type": "json",
        "options": {
          "json": "{\"xAxis\":[\"1月\",\"2月\",\"3月\",\"4月\",\"5月\",\"6月\",\"7月\",\"8月\",\"9月\",\"10月\",\"11月\",\"12月\"],\"data\":[{\"name\":\"降水量\",\"data\":[150,230,224,218,135,147,260,320,230,120,240,280]},{\"name\":\"降雨量\",\"data\":[50,100,230,124,118,235,347,160,120,210,180,60]}]}"
        }
      }
    }
  ],
  "id": "61aa27abd39bdf74f6d600b8",
  "category": "16385412150180",
  "subCategory": "163859361306803",
  "devSubCategory": "163858927358702",
  "devCategory": "16385412150180",
  "componentName": "趋势图",
  "prodVer": "v1.0.2",
  "devVer": "V1.0.1",
  "devId": "61b08544161c8c1698dbf73f",
  "demoVer": "V1.0.0",
  "demoId": "61e95393cefe6558faf0d5f9",
  "doma:dev:category": "16427348954130",
  "doma:dev:subCategory": "164299947517404",
  "doma:dev:ver": "V1.0.1",
  "doma:dev:id": "61ee4dc96b32ca67577d1d54"
}