{
  "options": {
    "width": 1920,
    "height": 1080,
    "name": "本地测试大屏",
    "scaleMode": "origin",
    "backgroundColor": "#162C51",
    "backgroundImage": "",
    "css": ""
  },
  "events": [],
  "functions": [],
  "components": [
    {
      "type": "61aa27acd39bdf74f6d602cd",
      "id": "UBKO-08U1-C9L4-6OJF-3OMB-3OFN",
      "config": {
        "left": 500,
        "top": 300,
        "width": 202,
        "height": 38,
        "index": 0,
        "name": "按钮一",
        "visible": true,
        "class": ""
      },
      "dataSource": {
        "type": "json",
        "options": {
          "json": ""
        }
      }
    }
  ],
  "id": "61aa27acd39bdf74f6d602cd",
  "category": "16385412150180",
  "subCategory": "1638594135371012",
  "devSubCategory": "163858927358702",
  "devCategory": "16385412150180",
  "componentName": "按钮一",
  "prodVer": "v1.0.0",
  "devVer": "V1.0.1",
  "devId": "61b08089e99031169fa33044",
  "demoVer": "V1.0.0",
  "demoId": "61e94e659f19b058ea57ae07",
  "doma:dev:category": "16427348954130",
  "doma:dev:subCategory": "1642999475174012",
  "doma:dev:ver": "V1.0.1",
  "doma:dev:id": "61ee4897e828b4676cf66440"
}