{
  "options": {
    "width": 1920,
    "height": 1080,
    "name": "本地测试大屏",
    "scaleMode": "origin",
    "backgroundColor": "#162C51",
    "backgroundImage": "",
    "css": ""
  },
  "events": [],
  "functions": [],
  "components": [
    {
      "type": "61aa27acd39bdf74f6d60262",
      "id": "UBKO-08U1-C9L4-6OJF-3OMB-3OFN",
      "config": {
        "left": 534,
        "top": 200,
        "width": 1000,
        "height": 700,
        "index": 0,
        "name": "基础进度条",
        "visible": true,
        "class": ""
      },
      "dataSource": {
        "type": "json",
        "options": {
          "json": "{\"title\":\"天气因素\",\"percentage\":50}"
        }
      }
    }
  ],
  "id": "61aa27acd39bdf74f6d60262",
  "category": "16385412150180",
  "subCategory": "163859366396506",
  "devSubCategory": "163858927358702",
  "devCategory": "16385412150180",
  "componentName": "基础进度条",
  "prodVer": "v1.0.2",
  "devVer": "V1.0.2",
  "devId": "61b09664e99031169fa3308b",
  "demoVer": "V1.0.0",
  "demoId": "61e95bafa8edab58d937a136",
  "doma:dev:category": "16427348954130",
  "doma:dev:subCategory": "164299947517407",
  "doma:dev:ver": "V1.0.1",
  "doma:dev:id": "61ee55ebe3dedb6774343ec7"
}
