{
  "options": {
    "width": 1920,
    "height": 1080,
    "name": "正负柱状图",
    "scaleMode": "origin",
    "backgroundColor": "#0B1427",
    "backgroundImage": "",
    "css": ""
  },
  "events": [],
  "functions": [],
  "components": [
    {
      "type": "626b4131e6dcf01bc1ff6fad",
      "id": "UBKO-08U1-C9L4-6OJF-3OMB-3OFN",
      "config": {
        "left": 534,
        "top": 200,
        "width": 800,
        "height": 700,
        "index": 0,
        "name": "正负柱状图"
      },
      "options": {},
      "dataSource": {
        "type": "json",
        "options": {
          "json": "{\"yAxis\":[\"18-30岁\",\"31-45岁\",\"46-60岁\",\"61-75岁\",\"76-100岁\"],\"data\":[{\"name\":\"样例1\",\"data\":[20,90,120,70,55]},{\"name\":\"样例2\",\"data\":[20,90,120,70,55]}]}"
        }
      }
    }
  ]
}