{
  "options": {
    "width": 1920,
    "height": 1080,
    "name": "本地测试大屏",
    "scaleMode": "origin",
    "backgroundColor": "#162C51",
    "backgroundImage": "",
    "css": ""
  },
  "events": [],
  "functions": [],
  "components": [
    {
      "type": "61aa27acd39bdf74f6d602db",
      "id": "UBKO-08U1-C9L4-6OJF-3OMB-3OFN",
      "config": {
        "left": 0,
        "top": 0,
        "width": 1920,
        "height": 280,
        "index": 0,
        "name": "导航二",
        "visible": true,
        "class": ""
      },
      "dataSource": {
        "type": "json",
        "options": {
          "json": ""
        }
      }
    }
  ]
}