{
  "options": {
    "width": 1920,
    "height": 1080,
    "name": "本地测试大屏",
    "scaleMode": "origin",
    "backgroundColor": "#162C51",
    "backgroundImage": "",
    "css": ""
  },
  "events": [
    
  ],
  "functions": [],
  "components": [
    {
      "type": "61aa27acd39bdf74f6d602dd",
      "id": "UBKO-08U1-C9L4-6OJF-3OMB-3OFN",
      "config": {
        "left": 534,
        "top": 200,
        "width": 1000,
        "height": 700,
        "index": 0,
        "name": "视频扩展",
        "visible": true
      },
      "dataSource": {
        "type": "json",
        "options": {
          "json": "{\"videoUrl\": \"\"}"
        }
      }
    }
  ],
  "id": "61aa27acd39bdf74f6d602dd",
  "category": "16385412150180",
  "subCategory": "1638593819821011",
  "devSubCategory": "163858927358702",
  "devCategory": "16385412150180",
  "componentName": "视频扩展",
  "prodVer": "v1.0.0",
  "devVer": "V1.0.1",
  "devId": "61b0a004ce01fd16a6bc857a",
  "demoVer": "V1.0.0",
  "demoId": "61e95fabbd63f058a486c752",
  "doma:dev:category": "16427348954130",
  "doma:dev:subCategory": "1642999475174011",
  "doma:dev:ver": "V1.0.1",
  "doma:dev:id": "61ee5a62397440674297c349"
}