{
    "options": {
        "width": 1920,
        "height": 1080,
        "name": "本地测试大屏",
        "scaleMode": "width",
        "backgroundColor": "#162C51",
        "backgroundImage": "",
        "css": ""
    },
    "events": [
    ],
    "functions": [
        {
            "name": "sayHello",
            "body": "console.log('hello '+name)",
            "args": "name"
        }
    ],
    "components": [
        {
            "type": "62a6b58418ac85202e3c0998",
            "id": "UBKO-08U1-C9L4-6OJF-3OMB-3OFN",
            "config": {
                "left": 534,
                "top": 242,
                "width": 883,
                "height": 645,
                "index": 0,
                "name": "聚合散点图【开源版】",
                "visible": true,
                "class": ""
            }
        }
    ]
}
