{
  "options": {
    "width": 1920,
    "height": 1080,
    "name": "本地测试大屏",
    "scaleMode": "width",
    "backgroundColor": "#162C51",
    "backgroundImage": "",
    "css": ""
  },
  "events": [],
  "functions": [
    {
      "name": "sayHello",
      "body": "console.log('hello '+name)",
      "args": "name"
    }
  ],
  "components": [
    {
      "type": "62b84d1f26b32a2058aa815c",
      "id": "UBKO-08U1-C9L4-6OJF-3OMB-3OFN",
      "config": {
        "left": 534,
        "top": 242,
        "width": 836,
        "height": 570,
        "index": 0,
        "name": "62b84d1f26b32a2058aa815c",
        "visible": true,
        "class": ""
      }
    }
  ]
}