{
  "options": {
    "width": 1920,
    "height": 1080,
    "name": "本地测试大屏",
    "scaleMode": "origin",
    "backgroundColor": "#162C51",
    "backgroundImage": "",
    "css": ""
  },
  "events": [],
  "functions": [],
  "components": [
    {
      "type": "61b0a25a7f8cf51699105fc7",
      "id": "UBKO-08U1-C9L4-6OJF-3OMB-3OFN",
      "config": {
        "left": 534,
        "top": 242,
        "width": 450,
        "height": 280,
        "index": 0,
        "name": "标题",
        "visible": true,
        "class": ""
      }
    }
  ]
}